Compound,C,H,O,N,z,NH3,CO2,H2O,H+,e- eq,MW (g),gCOD,gCOD/g,gN/g-protein,kcal/gCOD,Enthalpy of Combustion,Units,Note
Carbohydrate,1,1.826,0.913,0,0,0,1,-1.087,4,4,28.434,32,1.125413238,0,3.643,4.1,kcal/g,
Protein,1,2.063,0.626,0.282,0,0.282,1,-1.374,3.965,3.965,28.027,31.72,1.131765797,0.140864167,4.992,5.65,kcal/g,
Fat,1,1.838,0.118,0,0,0,1,-1.882,5.602,5.602,15.726,44.816,2.849802874,0,3.263,9.3,kcal/g,
Microbial Biomass,5,7,2,1,0,1,5,-8,20,20,113,160,1.415929204,0.123893805,3.788,5.364,kcal/g,Use the enthalpy value of carbohydrate for RNA and DNA
Aromatics,7.25,7.2,1.2,0.2,0,0.2,7.25,-13.3,33.2,33.2,116.2,265.6,2.285714286,0.024096386,2.363,5.4,kcal/g,
Acetic Acid,2,4,2,0,0,0,2,-2,8,8,60,64,1.066666667,0,3.263,3.48,kcal/g,
Propionic Acid,3,6,2,0,0,0,3,-4,14,14,74,112,1.513513514,0,3.254,4.925,kcal/g,
Butyric Acid,4,8,2,0,0,0,4,-6,20,20,88,160,1.818181818,0,3.253,5.915,kcal/g,
